1,Senior Citizen Programs,"Programs designed to address the needs of senior citizens, including social activities, health care, and financial support."
2,PWD Support Programs,"Initiatives aimed at providing support to persons with disabilities (PWDs) to enhance their quality of life through accessibility, employment, and social inclusion."
3,Student Support Programs,"Programs that offer academic support, mentoring, and resources to help students succeed in their educational pursuits."
4,Women Empowerment Programs,"Initiatives focused on empowering women by providing education, training, and support to enhance their personal and professional development."
5,Health and Wellness Programs,"Programs promoting physical and mental health, including fitness activities, wellness workshops, and preventive health measures."
6,Youth Development Programs,"Programs aimed at fostering the personal, social, and academic growth of young people through various activities and mentorship."
7,Job Assistance Programs,"Services providing guidance, training, and resources to job seekers to help them secure employment."
8,Housing Assistance Programs,"Programs offering support and resources for individuals and families in need of housing assistance, including finding affordable housing and avoiding homelessness."
9,Family Support Programs,"Initiatives designed to support families through counseling, financial aid, and social services to enhance family stability and well-being."
10,Unemployed Support Programs,"Programs offering assistance to unemployed individuals through job training, financial aid, and employment services."
11,General Assistance Programs,"Broad-ranging assistance programs available to all residents, addressing various needs such as food, shelter, and basic necessities."
12,Health Screenings,Regular health check-ups and screenings provided to residents to detect and prevent potential health issues.
13,Medication Assistance Programs,Programs providing financial assistance or access to medications for individuals who cannot afford their prescriptions.
14,Senior Citizen Activities,"Organized activities and events tailored for senior citizens to promote social interaction, physical activity, and mental engagement."
15,Scholarship Programs,Financial aid opportunities for students to support their education through scholarships based on merit or need.
16,After-school Tutoring,"Tutoring services available to students after school hours to help with homework, test preparation, and academic improvement."
17,College/Technical School Application Assistance,"Support for students in navigating the college or technical school application process, including filling out applications, writing essays, and finding scholarships."
18,Skills Training Programs,Training programs focused on developing specific skills needed for various careers or personal development.
19,Job Placement Assistance,"Services aimed at helping job seekers find employment through job matching, resume building, and interview preparation."
20,Livelihood Development Initiatives,"Programs designed to create and enhance livelihood opportunities for individuals and communities, promoting economic stability."
21,Skills Training for PWD,Specialized training programs tailored to the needs of persons with disabilities to enhance their skills and employability.
22,Accessible Employment Options,Information and resources on employment opportunities that are accessible to persons with disabilities.
23,Financial Assistance Programs,Programs providing financial support to individuals and families in need to help cover essential expenses.
24,Food Security Initiatives,"Programs aimed at ensuring that all residents have access to sufficient, safe, and nutritious food."
25,Legal Aid Services,Services providing legal assistance and representation to individuals who cannot afford legal counsel.
